{
    "type": "minecraft:crafting_shaped",
    "pattern": [
        "RIR",
        "IFI",
        "RIR"
    ],
    "key": {
        "F": "minecraft:flint",
        "I": "minecraft:iron_ingot",
        "R": "minecraft:redstone"
    },
    "result": {
        "id": "minecraft:flint",
        "count": 1,
        "components": {
            "minecraft:custom_name": "§bMagnetic Shard",
            "minecraft:lore": [
                {
                    "text": "Pull items towards you",
                    "color": "gray"
                }
            ]
        }
    }
}